{
  "count": 76,
  "mean": 1.0516412258148193,
  "std": 0.08613370358943939,
  "min": 0.8349348902702332,
  "p50": 1.0776586532592773,
  "p90": 1.15049409866333,
  "p95": 1.1629726886749268,
  "p99": 1.1675864458084106,
  "max": 1.1675864458084106
}