{
  "num_samples": 16,
  "batch_size": 1,
  "device": "cpu",
  "power_watts": 75.0,
  "checkpoint": "experiments/checkpoints/quick_checkpoint.pt",
  "manifest": "outputs/mini_manifest.jsonl",
  "output_jsonl": "outputs/exp_b_scores.jsonl",
  "runtime_ms": {
    "mean": 922.1956900005353,
    "p50": 824.682896000013,
    "p95": 1508.85655224738,
    "min": 703.227958001662,
    "max": 1787.7974589973746,
    "total": 14755.131040008564
  },
  "energy_joules": {
    "mean": 69.16467675004014,
    "p50": 61.851217200000974,
    "p95": 113.1642414185535,
    "min": 52.74209685012465,
    "max": 134.0848094248031,
    "total": 1106.6348280006423
  },
  "memory_overhead_mb": {
    "peak_rss_delta": 0.0,
    "mean_per_batch_delta": 10.228515625,
    "mean_per_batch_signed_delta": 9.619140625
  },
  "memory_metric_source": "psutil_rss"
}