{
  "num_samples": 16,
  "batch_size": 1,
  "device": "cpu",
  "power_watts": 75.0,
  "checkpoint": "experiments/checkpoints/quick_checkpoint.pt",
  "manifest": "outputs/mini_manifest.jsonl",
  "output_jsonl": "outputs/scores.jsonl",
  "runtime_ms": {
    "mean": 472.0036499330793,
    "p50": 471.4315830024134,
    "p95": 473.90537489773124,
    "min": 470.4227920010453,
    "max": 474.379332998069,
    "total": 7080.05474899619
  },
  "energy_joules": {
    "mean": 35.40027374498095,
    "p50": 35.357368725181004,
    "p95": 35.54290311732984,
    "min": 35.2817094000784,
    "max": 35.578449974855175,
    "total": 531.0041061747143
  },
  "memory_overhead_mb": {
    "peak_rss_delta": 0.0,
    "mean_per_batch_delta": 0.0
  }
}